vowel,F1,F2,filename
a,881.8732135701943,1494.5038032989842,a_0.wav
a,619.740436686874,1408.7211034320285,a_1.wav
a,638.2340631413873,1431.653919625621,a_2.wav
a,633.0132018714309,1403.4756190153942,a_3.wav
a,665.1324025710358,1404.4947288502378,a_4.wav
a,669.9722169821404,1497.4990856601817,a_5.wav
a,770.4645126010106,1512.8473523350915,a_6.wav
a,712.193555087871,1456.8045120275715,a_7.wav
a,720.4478427517445,1506.170167435704,a_8.wav
a,717.4207716268097,1527.5163770099484,a_9.wav
a,581.9276567956348,1670.645184256473,a_10.wav
a,628.3255459574175,1607.121230241129,a_11.wav
a,619.3733305023964,1696.086294049371,a_12.wav
a,778.5321346331388,1624.296543160707,a_13.wav
a,594.9155562912908,1726.5762834256093,a_14.wav
e,462.23308635307217,1678.266710313702,e_15.wav
e,512.3083063628354,1760.4532996399166,e_16.wav
e,416.3973135820644,2086.397314298995,e_17.wav
e,489.6495778650867,2064.7320643911803,e_18.wav
i,324.4497471756476,2222.30092994548,i_19.wav
i,361.7592585389072,2282.863116085384,i_20.wav
i,305.92001570131384,2310.262338866972,i_21.wav
i,340.92279253127674,2470.8561382210137,i_22.wav
i,321.6160813654932,2277.5518897477896,i_23.wav
i,336.80182619832726,2329.764913669493,i_24.wav
i,334.99993501388104,2368.618818964817,i_25.wav
i,351.74066944435964,2350.282124975602,i_26.wav
i,337.2593621024813,2390.4044619524498,i_27.wav
i,415.11849348883993,2418.210977331947,i_28.wav
e,430.2530655880828,2138.348041967413,e_29.wav
e,524.4370136524301,1926.0770167619296,e_30.wav
u,356.75390492709164,1490.8930738585204,u_31.wav
u,358.8085632435008,1819.3333340273205,u_32.wav
u,354.0256022074577,1558.0604118188053,u_33.wav
u,299.843518446328,1338.5747563470093,u_34.wav
e,418.5868119280413,2194.034902074537,e_35.wav
u,294.3384242396368,1378.500686291383,u_36.wav
e,427.1198016107053,1928.1403728269383,e_37.wav
u,352.08305710826346,995.2880655616304,u_38.wav
e,515.2615899953091,1807.8151049076307,e_39.wav
u,341.55972980946257,960.5808035136744,u_40.wav
e,516.6022851864129,1811.6093985946293,e_41.wav
u,345.3052407656694,1510.327848538044,u_42.wav
e,465.2740988285623,2096.170095695906,e_43.wav
u,351.7235201595305,1256.5464556244149,u_44.wav
e,474.509685806237,2089.992058582279,e_45.wav
u,340.62571081281595,1369.3900655964858,u_46.wav
e,458.246497818302,2072.277810950381,e_47.wav
i,356.41493220475,2248.8711658092698,i_48.wav
i,351.29813277047487,2133.0694895465545,i_49.wav
i,355.3778229181222,2246.9803733942103,i_50.wav
ə,319.22758903010606,1536.347474004134,ə_51.wav
a,863.9335971355977,1460.7351207678398,a_52.wav
ə,434.6348457514122,1540.3129301121644,ə_53.wav
a,887.8218181229797,1483.8938673384275,a_54.wav
ə,357.1530043654536,1559.0741596950102,ə_55.wav
a,863.3799958170347,1493.9551942761898,a_56.wav
ə,410.210638434516,1506.2390741208342,ə_57.wav
ə,377.6272312971402,1698.5141629884024,ə_58.wav
ə,333.60467837106734,1680.6408354492162,ə_59.wav
ə,625.4960372099448,1593.1278209366428,ə_60.wav
ə,470.8641677530255,1472.851340387842,ə_61.wav
ə,496.9601679424512,1607.535561987144,ə_62.wav
ə,402.26254608216647,1634.2798293049284,ə_63.wav
ə,403.4464273192884,1700.40532857299,ə_64.wav
u,392.7158370652552,905.00762726091,u_65.wav
u,391.8581175987003,860.1178002474679,u_66.wav
u,353.03102334075834,865.8364084460414,u_67.wav
i,318.9988312226324,1784.5325601055663,i_68.wav
i,338.5308206251636,1798.59392574747,i_69.wav
i,392.3012274030086,1677.1844848553192,i_70.wav
i,364.6384494123599,2110.733829954272,i_71.wav
i,355.00516027016886,2146.7291109593,i_72.wav
i,359.4562766478888,2106.562805646351,i_73.wav
ə,394.6316169038674,1710.2572406462834,ə_75.wav
ə,436.2595557924682,1697.9553344544138,ə_76.wav
e,388.3025826091808,2015.1833325854143,e_77.wav
e,392.7002191605808,2187.0496310320373,e_78.wav
e,410.1179045822939,2174.056753121766,e_79.wav
a,767.680871716428,1449.0943998799248,a_80.wav
a,888.7488490336793,1478.0134211859568,a_81.wav
a,755.2098604449044,1444.1686892126677,a_82.wav
a,817.0774436415498,1462.3532194879376,a_83.wav
a,878.0710314677465,1474.6968682088586,a_84.wav
a,745.4075725580825,1425.052771671313,a_85.wav
a,838.5797136391766,1483.6035527216702,a_86.wav
a,925.9798720804224,1489.4440937582867,a_87.wav
a,765.6640397245008,1515.1082967520083,a_88.wav
e,413.1757528794017,1960.848857145648,e_89.wav
e,433.7242774836932,1800.1070397386895,e_90.wav
e,354.7339863156182,1911.177004505181,e_91.wav
e,452.8741444669813,1930.6095479296573,e_92.wav
e,470.4685989865894,1896.2242388788643,e_93.wav
e,414.74905490819214,1965.0427683916616,e_94.wav
ə,351.6949135865716,1932.270412297876,ə_95.wav
ə,419.7429012627884,1880.9344777323663,ə_96.wav
ə,433.93495465304505,1924.016288552164,ə_97.wav
ə,369.10779876764406,1827.921821546766,ə_98.wav
ə,390.42339599402914,1871.7725236371225,ə_99.wav
ə,410.7545179888368,1815.202816305288,ə_100.wav
ə,438.5365755608032,1925.032660077621,ə_101.wav
i,355.5669643156762,1920.5492529923536,i_102.wav
i,337.56543098834,2483.8377549910874,i_103.wav
ə,429.0277751427084,1902.1421183462992,ə_104.wav
i,342.0181723242766,1991.713830486772,i_105.wav
i,321.5086766050162,2305.635077839479,i_106.wav
i,341.802443507752,2220.428995243937,i_107.wav
e,418.12483976952535,1571.7416027837264,e_108.wav
e,417.931680720847,1574.0146125646863,e_109.wav
e,407.1994537042729,1504.4167872186706,e_110.wav
o,392.4132687321702,1092.6300700273246,o_111.wav
o,459.7576517198081,992.7356649106456,o_112.wav
o,425.2135866095502,909.54775824695,o_113.wav
o,450.9033258070855,922.083482145112,o_114.wav
o,437.8853097946535,870.2181945621022,o_115.wav
o,326.9704158760779,1030.50383553758,o_116.wav
o,380.5200452279936,1004.8985554234324,o_117.wav
o,407.9234292864519,1145.699966194505,o_118.wav
o,542.7958762831811,1447.148722792139,o_119.wav
o,956.5591779546804,1850.5065270557573,o_120.wav
o,512.8909872561787,1266.7387065220769,o_121.wav
o,530.8623514482161,1263.2846288000078,o_122.wav
u,379.4826484430898,934.516626080198,u_123.wav
u,375.659587706239,907.4692041069376,u_124.wav
u,361.9852071630809,1025.5818143674103,u_125.wav
o,407.8102042644969,1214.2665589139513,o_126.wav
o,593.2047252531602,1238.611544095046,o_127.wav
o,626.5016806002086,1776.6490866265892,o_128.wav
o,281.650822598785,1232.875925745975,o_129.wav
o,259.21635649078485,1269.9849911923889,o_130.wav
o,455.47044440337976,949.5920489234052,o_131.wav
o,442.72138334535936,1111.8997966338525,o_132.wav
o,473.6668817441441,968.9413383876456,o_133.wav
o,494.674293698491,1083.656941252237,o_134.wav
o,464.6006289760488,950.0925696029448,o_135.wav
o,419.38144270799336,1098.2887794626988,o_136.wav
o,438.6374188869484,989.4467749914364,o_137.wav
o,458.89639935078674,1275.9565855574192,o_138.wav
e,318.72633835103824,2282.0139851728745,e_139.wav
u,317.7811167981342,1486.467821311241,u_140.wav
e,382.9734261309142,2024.9492786300311,e_141.wav
u,331.5271765723235,1543.1451677977843,u_142.wav
e,400.6528155290159,2345.7584411129337,e_143.wav
u,379.6204080368013,1300.779933984781,u_144.wav
e,458.1000430117456,2205.275848064251,e_145.wav
u,364.0032855507377,1320.4218235282035,u_146.wav
e,464.907783666693,2292.486201390436,e_147.wav
u,376.0810940806312,1300.6765645723972,u_148.wav
e,427.6960318727108,2120.2340220718106,e_149.wav
u,417.4563652502212,1302.9012360162085,u_150.wav
u,361.15645148265656,866.1321352458395,u_151.wav
u,344.2081791603094,813.6239930294981,u_152.wav
u,356.9146706202502,887.163284961461,u_153.wav
u,361.9804552890299,952.188946129438,u_154.wav
a,842.8804382558959,1440.1531752138344,a_155.wav
a,1129.7527747362303,1878.9494637905889,a_156.wav
a,1177.2774397882006,1884.704414684395,a_157.wav
e,583.6036055259929,2131.774642328336,e_158.wav
e,550.627622877281,2108.469160544895,e_159.wav
e,546.0153893379231,2249.261805160524,e_160.wav
a,994.0740842524964,1480.1368658555584,a_161.wav
a,1039.893288631784,1766.1465478950313,a_162.wav
a,1120.146067002683,1857.0724657546496,a_163.wav
i,377.5779781188932,2258.6614508948355,i_164.wav
i,426.7159710816794,2397.84635070434,i_165.wav
i,389.8559708757816,2143.4355019573004,i_166.wav
i,463.87863067972313,2556.9209793829973,i_167.wav
i,397.6727952163735,2282.953445392986,i_168.wav
i,445.5856955859487,2118.614305400742,i_169.wav
e,481.2411117908086,2142.5761635834588,e_170.wav
e,497.2511467854228,2228.7342368276904,e_171.wav
e,451.5060531823501,2248.738657717295,e_172.wav
a,964.1689488843434,1790.7344440900322,a_173.wav
e,676.833887268172,2119.7371952067056,e_174.wav
a,1112.343863189681,1733.436447179653,a_175.wav
e,598.7285238409602,2147.885924188866,e_176.wav
a,1104.2949374471054,1729.2501250836112,a_177.wav
e,569.5662456759992,2151.992526697445,e_178.wav
a,959.9169170463072,1684.8660246203087,a_179.wav
e,544.5437923674571,2168.791265111949,e_180.wav
i,366.4321543134489,2376.507122691453,i_181.wav
i,485.2751607347664,2447.7108445295,i_182.wav
e,541.4981142865693,2155.26560040678,e_183.wav
i,436.4179534873982,2459.330027236116,i_184.wav
i,421.5402168158109,2240.522034311,i_185.wav
e,612.3434043812186,2046.2850414383413,e_186.wav
i,376.43781408867005,2448.5905704633933,i_187.wav
i,413.1946798901475,2075.37617785193,i_188.wav
i,442.6440303751777,2474.204727709125,i_189.wav
i,423.57568053944215,2486.5015679490057,i_190.wav
i,384.42201903382846,2450.1671375806336,i_191.wav
e,567.3436048750233,2200.4333164713407,e_192.wav
e,590.8120443916004,1938.990823820579,e_193.wav
e,557.7080193782282,1947.3541471851784,e_194.wav
e,721.1657295765341,1855.802968214751,e_195.wav
e,535.0554732360002,2086.9238093152485,e_196.wav
e,649.4342597823687,2018.1358218532528,e_197.wav
e,572.1911878376632,2030.8925958534323,e_198.wav
u,450.58591672384347,1390.9334520024056,u_199.wav
u,470.8289276001463,1376.8364462058532,u_200.wav
u,348.9832968093967,1157.45013208968,u_201.wav
u,439.3592107600677,1089.5518892753505,u_202.wav
u,432.1599293747704,1169.8361013759095,u_203.wav
u,446.8739698814992,1079.5821033578975,u_204.wav
u,443.5714743916248,1162.057342829353,u_205.wav
u,385.2696544271881,1327.6844589812115,u_206.wav
u,385.23926126506205,1157.651792106254,u_207.wav
u,400.7419796106683,1135.3020663015627,u_208.wav
u,400.45446475359313,1148.9385418439924,u_209.wav
e,660.6075814419419,2254.253303367642,e_210.wav
e,676.4810314024332,2313.6422902075647,e_211.wav
e,718.0195217304781,2135.7577771486663,e_212.wav
e,595.3400229137703,2318.7550028917244,e_213.wav
e,536.3538382922618,2194.41378201603,e_214.wav
e,521.1764452440804,2229.5297529308377,e_215.wav
e,497.5041265048152,2262.707785918665,e_216.wav
i,520.4668470169833,2341.08759423736,i_217.wav
e,732.0692705604741,1907.2971430988944,e_218.wav
i,476.6517740661279,2490.9247503948827,i_219.wav
e,649.5027582820268,1987.5456409258788,e_220.wav
i,488.0538935660604,2244.854578003381,i_221.wav
e,685.664872975274,1923.061833315524,e_222.wav
i,406.63127553073525,2484.85286787761,i_223.wav
e,741.3730247860468,1896.1882295769897,e_224.wav
e,457.9304691166867,2280.2536775683,e_225.wav
e,564.853765947604,2111.374968753128,e_226.wav
e,503.0046274683694,2186.501256435173,e_227.wav
e,544.4187419104433,2139.5730149023784,e_228.wav
i,369.2308295139329,2515.546068038667,i_229.wav
i,360.5833114366864,2184.911056464207,i_230.wav
i,431.5343175486468,2107.222630042725,i_231.wav
i,370.1030596182645,2365.947445728048,i_232.wav
i,378.32510416685886,2271.7437222229555,i_233.wav
e,523.1718932822971,2417.3280541124554,e_234.wav
i,380.65406035256296,2322.9637963268947,i_235.wav
e,492.3738033070695,2323.8075991399965,e_236.wav
e,428.4772095109037,2326.328979290919,e_237.wav
e,536.2313361493345,2145.6659738969706,e_238.wav
e,505.8136113642043,2411.046529791726,e_239.wav
e,577.4151957646972,2108.346572616289,e_240.wav
e,528.4302687368521,2332.065198974841,e_241.wav
e,613.7708591731076,2367.131523592295,e_242.wav
i,375.6933374935111,2377.7279544092503,i_243.wav
e,552.352552019641,2220.7209375658363,e_244.wav
e,809.1458443571565,2001.4481140577595,e_245.wav
i,382.0093024245341,2455.2764264908765,i_246.wav
e,600.2340492145478,2379.5477100956964,e_247.wav
e,824.8514217986607,1960.6005398395223,e_248.wav
i,387.5952087631738,2520.127888606324,i_249.wav
e,597.6333082692917,2305.654451389111,e_250.wav
e,746.5877905524852,1993.608074764588,e_251.wav
u,360.964083932691,1013.1167468571034,u_252.wav
u,432.8582967471521,1156.2175551805408,u_253.wav
u,491.4080325329126,1161.581460012705,u_254.wav
i,443.4631901219656,2286.172609153367,i_255.wav
i,450.2200238599512,2136.944442692558,i_256.wav
i,432.9257837889548,2166.52291193179,i_257.wav
i,404.3248508864132,2089.3734158214565,i_258.wav
i,418.7921443297786,2206.37587588124,i_259.wav
i,440.7629072853392,2184.5150058015083,i_260.wav
i,401.48134864998,2197.0418922595927,i_261.wav
ə,596.0925358811979,1835.0615167405128,ə_262.wav
a,1085.207971989753,1755.3661773079596,a_263.wav
ə,552.9681957969055,1761.7398073594004,ə_264.wav
a,1031.502139223429,1786.59736697195,a_265.wav
ə,596.2569386033883,1890.083209425852,ə_266.wav
a,1070.1134444126874,1710.9519277472991,a_267.wav
ə,623.4799439741865,1808.0581893836147,ə_268.wav
ə,622.0307408894945,1782.6360883982873,ə_269.wav
ə,782.4902883005481,1920.4509397208808,ə_270.wav
e,682.8854710896056,2114.26018570627,e_271.wav
e,725.1665922944748,2263.54951499185,e_272.wav
e,749.6125909856715,2296.6425946833792,e_273.wav
ə,559.5088107079082,1912.548654878177,ə_274.wav
ə,504.66781972746594,1981.6028412938872,ə_275.wav
ə,505.1328853582428,2061.4504028150327,ə_276.wav
i,346.39217471635993,2385.2825660091435,i_277.wav
i,391.9892439272841,2435.1615912534294,i_278.wav
i,338.5430643421124,2474.1299826261584,i_279.wav
i,330.90106453087355,2355.6269284775426,i_280.wav
i,338.9214180539849,2510.6404404027985,i_281.wav
i,405.16666532419856,2495.0584084390107,i_282.wav
ə,551.6897300090142,2007.971967778604,ə_283.wav
a,968.51571042108,1753.633942079733,a_284.wav
ə,515.9197259458646,2027.31219538428,ə_285.wav
a,932.3303051162104,1791.4355189482426,a_286.wav
ə,560.8335493132244,2040.8637572294365,ə_287.wav
a,852.2030455744723,1894.4755567827888,a_288.wav
ə,386.9702843128768,2008.4761507368391,ə_289.wav
a,1016.6915436289762,1866.3413232467503,a_290.wav
ə,526.4938898792185,1994.3112862933,ə_291.wav
a,877.304037374944,1751.2179509941327,a_292.wav
ə,530.7262667308346,1973.4131546330912,ə_293.wav
a,922.9800729843936,1789.883404114249,a_294.wav
u,507.9791489116506,838.763447340737,u_295.wav
u,509.7532765485056,837.2704439446401,u_296.wav
u,462.9793111114922,748.7047304399655,u_297.wav
i,384.7889923941064,2197.509698048311,i_298.wav
i,482.4359764280199,2120.544605239101,i_299.wav
i,461.193709889638,2184.075544713495,i_300.wav
i,440.55953170582336,2250.331178714942,i_301.wav
i,403.36534843048565,2344.750828692572,i_302.wav
i,391.1695901999659,2245.7616327172987,i_303.wav
ə,480.4717860970264,2049.566234215088,ə_304.wav
ə,431.4141701905897,2038.8653471794264,ə_305.wav
ə,530.5602164311204,2190.159390975724,ə_306.wav
ə,518.7016136811302,2134.724051323478,ə_307.wav
ə,564.7642164277089,1867.9363700482857,ə_308.wav
e,579.1086181067514,2151.560504345704,e_309.wav
e,664.2263331143317,2226.994895486333,e_310.wav
e,700.1789246238556,2224.8173015278257,e_311.wav
a,1127.855763581897,1779.6701663637637,a_312.wav
a,1071.2100102577986,1652.436986328781,a_313.wav
a,1062.014237900235,1793.2070326167975,a_314.wav
a,1192.4242929897212,1808.2708136525653,a_315.wav
a,1131.9850428174757,1913.670863095182,a_316.wav
a,1033.8761021243558,1785.732835342009,a_317.wav
a,1159.897367213329,1823.2183345958472,a_318.wav
a,1111.5203516821616,1789.5041082623711,a_319.wav
a,1003.2725367139892,1758.8139610836974,a_320.wav
o,541.796424867912,1183.4660525269717,o_321.wav
ə,674.9349537288077,1726.5341991380694,ə_322.wav
o,545.1847782560728,1081.4917355756036,o_323.wav
ə,691.8262225017885,1796.690699974327,ə_324.wav
o,627.7439505575512,1306.987987802853,o_325.wav
ə,634.0210155706046,1799.9251475951614,ə_326.wav
i,394.9030622655183,2675.417825797561,i_327.wav
i,318.2041669867231,2654.854736415161,i_328.wav
i,401.1192906661077,2517.1529447299786,i_329.wav
e,466.8258463387279,2075.500974710814,e_330.wav
e,488.5604168332056,1912.848172396076,e_331.wav
e,505.8078493373384,1992.67542480719,e_332.wav
e,742.4726456479374,2119.8300009023137,e_333.wav
e,562.8358651821341,2107.8099316618504,e_334.wav
e,617.3026031774348,2107.6055540977304,e_335.wav
e,621.9095380621532,2214.5731114864525,e_336.wav
e,646.5658586001235,2071.2299909735,e_337.wav
e,635.8439794529735,2047.163478673672,e_338.wav
i,360.4384560128265,2385.828955859304,i_339.wav
i,393.0825346074413,2568.28536315344,i_340.wav
i,398.71785128129767,2436.650435497343,i_341.wav
a,990.5976816584327,1599.1797223085323,a_342.wav
a,977.6326455051428,1631.977282716936,a_343.wav
o,446.9920865436141,905.3948323338636,o_344.wav
o,441.6927520199485,895.033491335404,o_345.wav
o,502.2858218357691,1014.1904593957568,o_346.wav
o,655.4598850837348,1075.872974949864,o_347.wav
o,554.1137930495,1041.1166073059674,o_348.wav
o,741.3748518099793,1098.6516790626997,o_349.wav
o,663.3961185283761,1004.5993959557233,o_350.wav
o,691.4501867255848,1200.4849649704115,o_351.wav
o,629.0357719464699,1393.7649169644644,o_352.wav
o,484.3659949030824,1190.9575873036445,o_353.wav
o,650.4378016845204,1143.1359315556483,o_354.wav
o,545.8971832411901,918.0934047690358,o_355.wav
o,614.1542498126809,940.3002672072648,o_356.wav
o,497.89902361290746,1076.871965936447,o_357.wav
o,710.4536861743616,1034.4599123281084,o_358.wav
o,701.6620323435392,1223.6526447139652,o_359.wav
o,502.4297301555981,1009.198836275984,o_360.wav
e,617.2328068585622,2399.349170619903,e_361.wav
u,411.8247813160226,936.0568427433374,u_362.wav
e,574.8428857219907,2324.427184685457,e_363.wav
u,413.5711310302512,1048.6408475039025,u_364.wav
e,678.8640356441136,2323.932057067849,e_365.wav
u,405.9861192857477,1100.7561903606363,u_366.wav
ə,371.52450741776977,2470.7977951665507,ə_367.wav
ə,340.28137644146983,2405.095096300796,ə_368.wav
ə,417.3099532751439,2373.2162759529697,ə_369.wav
a,818.7091689645827,1455.332645207323,a_370.wav
a,802.8155277591926,1442.0895865247478,a_371.wav
a,1004.3959063604354,1398.4976012771745,a_372.wav
a,830.7944955292078,1233.1680964368095,a_373.wav
a,748.3086575246856,1365.557669195119,a_374.wav
a,620.2089397751754,1140.7167308942094,a_375.wav
a,906.0899058513126,1266.2214108072133,a_376.wav
a,837.1069447470055,1119.8224030921367,a_377.wav
a,666.489027530248,1101.8569055928765,a_378.wav
a,806.8580390887297,1545.6489901308507,a_379.wav
a,664.5943551473329,1421.4488370118845,a_380.wav
a,725.9373051683964,1216.4737715722426,a_381.wav
a,691.9311678323556,1357.3143406687643,a_382.wav
a,670.6517869069701,1341.6156381186574,a_383.wav
a,663.8873126552662,1223.1701955871115,a_384.wav
a,779.0631064980337,1411.7677607617748,a_385.wav
a,722.561541275513,1393.7341790204828,a_386.wav
a,714.3933326265233,1270.9954203282052,a_387.wav
a,732.104488900933,1327.1163907507532,a_388.wav
a,700.3273540782965,1402.5714228942222,a_389.wav
a,757.5313412129045,1334.5598462780188,a_390.wav
a,774.9029694232987,1434.37753532726,a_391.wav
a,863.6920662002937,1627.5318859447086,a_392.wav
a,789.0664336635444,1622.1710912764104,a_393.wav
a,709.6450095169619,1444.4773778975762,a_394.wav
a,905.8767553617322,1558.772125952284,a_395.wav
a,806.867737642185,1547.6285325989647,a_396.wav
a,848.060177341642,1584.9982321304658,a_397.wav
e,560.3105102135748,2345.5847550095928,e_398.wav
e,566.0398069340811,2271.7201024665146,e_399.wav
e,586.8949643115153,2210.986677854092,e_400.wav
a,537.4050732454817,1316.958724447576,a_401.wav
a,719.9307828583358,1445.774439300798,a_402.wav
a,754.5166499828131,1699.2268384480444,a_403.wav
a,701.5611843773108,1737.101559274647,a_404.wav
a,598.1252638386809,1405.4386917389472,a_405.wav
a,739.3683000353996,1169.0495881566671,a_406.wav
a,800.9385538757208,1386.3141598728062,a_407.wav
a,706.6680537713163,1687.2623776659598,a_408.wav
a,702.3300313716254,1207.4339139604797,a_409.wav
a,800.8254371047022,1645.9804682393374,a_410.wav
a,873.4443198373584,1455.3525830591575,a_411.wav
a,874.5813752647185,1860.250924475372,a_412.wav
a,783.181875531245,1374.9814946369163,a_413.wav
a,852.0054604112288,1457.4302725526975,a_414.wav
a,745.4969741357083,1314.3356980508847,a_415.wav
a,789.862150895879,1402.4470201689908,a_416.wav
i,430.7276581230388,2496.677040332696,i_417.wav
i,408.5884582013199,2425.1447051149385,i_418.wav
i,418.04596559347897,2468.411631929297,i_419.wav
i,389.74503588894817,2587.0307955423946,i_420.wav
i,403.9696247262504,2453.7401199001943,i_421.wav
i,383.6420229703954,2323.251538790188,i_422.wav
i,443.0520940142462,2498.110462374514,i_423.wav
i,384.095376391698,2621.505003517319,i_424.wav
e,596.8661590877243,2125.351708023201,e_425.wav
i,451.7290651351156,2504.0551924022843,i_426.wav
i,377.4655492017925,2521.159191911669,i_427.wav
e,586.9100263746504,2271.1751385334937,e_428.wav
i,436.6959249617236,2517.2871223025154,i_429.wav
i,414.15102042745946,2443.817856069433,i_430.wav
ə,477.6019262541601,2288.26942747726,ə_431.wav
ə,498.63084430084666,2219.616687963668,ə_432.wav
ə,474.736548159513,2098.716200310849,ə_433.wav
o,547.9928254783367,1194.1830917660648,o_434.wav
o,502.8304268081423,1147.0361809298538,o_435.wav
o,553.1598720260469,1126.5403333463175,o_436.wav
o,505.5953550221811,1243.9640342397852,o_437.wav
o,514.8839384120106,1115.397733817787,o_438.wav
o,514.0573821143394,1099.971495927938,o_439.wav
o,465.9404021355436,1065.0738571006725,o_440.wav
o,486.33490172748895,1060.703365582422,o_441.wav
a,791.7690670543153,1603.0376462358768,a_442.wav
a,775.7848520706114,1659.0568432849964,a_443.wav
a,805.9149377260816,1557.4335597574325,a_444.wav
a,818.6152465645075,1724.9374813012423,a_445.wav
a,750.5093603811038,1581.0286442757956,a_446.wav
i,396.5154060628965,2570.3168051157595,i_447.wav
i,422.8272250387803,2455.012913617365,i_448.wav
i,378.28643764873095,2540.659332602694,i_449.wav
i,367.4956808978694,2499.9312572766485,i_450.wav
e,612.8560182593025,2046.306011460339,e_451.wav
e,560.6885676457011,2272.198789205665,e_452.wav
e,553.712567791805,2188.443750097203,e_453.wav
a,797.9470719734711,1613.5042808180517,a_454.wav
a,980.0674045310402,1638.6371002681026,a_455.wav
e,513.3851198645418,2590.879995077311,e_456.wav
e,573.4581591491595,2260.1306513696227,e_457.wav
e,609.4376279404269,2286.055336308317,e_458.wav
e,579.1088154887034,2292.002318739145,e_459.wav
e,564.6188291386374,2256.70130737105,e_460.wav
u,445.7462985655444,1521.794472572575,u_461.wav
e,535.0499118303724,2085.6597041037485,e_462.wav
u,523.3130379785672,1348.085392483505,u_463.wav
e,630.4004083814635,2146.212211420644,e_464.wav
i,466.0004568322221,2152.5997946008024,i_465.wav
i,561.3606548353375,2098.232756950191,i_466.wav
i,477.4385862931755,2233.0333956692334,i_467.wav
ə,691.4112442413787,1930.1284765628573,ə_468.wav
ə,720.8348264722404,1749.9143306522697,ə_469.wav
a,854.040365957723,1631.4292258788291,a_471.wav
ə,789.7616261000711,1923.379648714884,ə_472.wav
a,978.0587465932526,1730.0195928517114,a_473.wav
ə,506.2839111850226,1897.565916264266,ə_474.wav
a,908.5307549885132,1643.7410509758586,a_475.wav
ə,502.8620883463489,1858.5158424647648,ə_476.wav
ə,572.3159062192799,1777.5185603110112,ə_477.wav
e,518.3585389692028,2233.990670622837,e_478.wav
e,518.4477082972757,2301.170440383892,e_479.wav
e,617.277631556544,2404.738725041827,e_480.wav
e,570.1305921591528,2185.865650935945,e_481.wav
e,570.9008581297734,2060.45449376662,e_482.wav
a,1192.7176447598729,1709.5751771422192,a_483.wav
e,765.8446478670303,2035.473886898228,e_484.wav
a,1008.1041813789572,1668.6473205296063,a_485.wav
i,464.9107661550981,2016.0236565385264,i_486.wav
ə,472.7702309493099,2210.206896506009,ə_487.wav
ə,515.1906103327767,2061.8756915990866,ə_488.wav
ə,514.4697647407372,1995.3492387091203,ə_489.wav
u,431.3000174769811,943.2494370145436,u_490.wav
i,496.7958555773096,2621.127594138341,i_491.wav
u,429.9696555898356,919.2306195233753,u_492.wav
i,426.1249115860336,2681.9632522149286,i_493.wav
u,569.7433786101813,1408.59231249352,u_494.wav
u,620.8092316832322,1792.7292787843178,u_495.wav
i,423.7089441219481,2168.794847009921,i_496.wav
i,422.1025689598813,2518.7238342749506,i_497.wav
i,392.2083471576346,2291.2062250021927,i_498.wav
i,361.9198354680023,2659.412877493904,i_499.wav
i,413.79291816991525,2296.9978897439905,i_500.wav
i,382.7689719600038,2652.125184408403,i_501.wav
ə,507.9823473031948,1933.723493193387,ə_502.wav
ə,525.3805866496036,1769.4968326828598,ə_503.wav
ə,591.7142627792239,1941.7609969308887,ə_504.wav
ə,546.8107265865553,1966.7688261600324,ə_505.wav
ə,470.0621391542584,1834.202278781244,ə_506.wav
ə,481.7687633290184,1992.869741953949,ə_507.wav
ə,466.1367534378916,1974.4307522550137,ə_508.wav
ə,488.9379439229321,2051.125785536305,ə_509.wav
o,727.9437057926984,1467.107328702337,o_510.wav
o,894.286443141197,1396.8212553111623,o_511.wav
o,677.8952591177916,1483.7442581299897,o_512.wav
o,669.6451863416946,1481.7676461352596,o_513.wav
e,718.9404820252371,2060.0348065241533,e_514.wav
e,749.4941632292248,2022.9847401416628,e_515.wav
a,773.5620810233539,1788.9205708982236,a_516.wav
a,808.6117621794125,1747.2372715991398,a_517.wav
a,857.2057704113699,1681.957888742072,a_518.wav
a,768.5264617809617,1678.6152580702346,a_519.wav
o,520.1970557470268,1321.940541031919,o_520.wav
o,510.3368296836843,1222.8334310516875,o_521.wav
ə,510.50767058750654,2005.7153763619624,ə_522.wav
ə,531.900430441859,2116.4388316456334,ə_523.wav
ə,612.249577093904,2043.068591377926,ə_524.wav
ə,591.2818605651439,2156.271158676716,ə_525.wav
ə,539.6580823327355,1863.554831559646,ə_526.wav
e,668.8685523860487,2051.2066359219434,e_527.wav
e,707.3628336918606,2131.455261252366,e_528.wav
e,708.9562024970849,2119.074977604913,e_529.wav
e,640.5764897902216,1983.675854324288,e_530.wav
e,653.9911390589215,2058.8550079920183,e_531.wav
e,536.2233495392774,1784.5222845836722,e_532.wav
e,662.236389958658,2045.7538607324536,e_533.wav
u,479.3829268652445,1121.010910148348,u_534.wav
e,900.1150364093583,1317.075474392227,e_535.wav
u,552.2256258152003,918.452820544364,u_536.wav
e,571.856212271477,1448.385360330377,e_537.wav
u,422.3930251436692,822.5722352495071,u_538.wav
i,350.0654570427321,2257.2969979329214,i_539.wav
i,482.8914325206365,2009.336654501881,i_540.wav
i,392.7204433349573,1482.3346517314428,i_541.wav
i,337.93140520663235,1504.6248387517137,i_542.wav
o,587.0905019779483,1071.7514646823468,o_543.wav
o,582.0542664497405,893.2202179480897,o_544.wav
o,575.0315985123019,970.1064087995064,o_545.wav
o,631.6068968468782,938.1381533557484,o_546.wav
o,397.0459490339384,958.4294763340978,o_547.wav
ə,585.4992544229335,2109.26688432181,ə_548.wav
o,550.6966625661624,974.4334383151376,o_549.wav
ə,479.4341600527447,1976.2321364720567,ə_550.wav
o,580.0955717807842,1006.4979847535142,o_551.wav
ə,560.8860725049012,2169.997786578331,ə_552.wav
o,585.9384372133804,1004.8359603143472,o_553.wav
ə,604.9954677455437,2111.7300259199974,ə_554.wav
